Country Name,Country Code,Series Name,Series Code,1997 [YR1997],1998 [YR1998],1999 [YR1999],2000 [YR2000],2001 [YR2001],2002 [YR2002],2003 [YR2003],2004 [YR2004],2005 [YR2005],2006 [YR2006],2007 [YR2007],2008 [YR2008],2009 [YR2009],2010 [YR2010],2011 [YR2011],2012 [YR2012],2013 [YR2013],2014 [YR2014],2015 [YR2015],2016 [YR2016],2017 [YR2017],2018 [YR2018],2019 [YR2019],2020 [YR2020],2021 [YR2021]
Afghanistan,AFG,"GNI per capita, Atlas method (current US$)",NY.GNP.PCAP.CD,..,..,..,..,..,..,..,..,..,..,..,..,460,520,550,650,680,650,610,570,540,520,530,500,390
Africa Eastern and Southern,AFE,"GNI per capita, Atlas method (current US$)",NY.GNP.PCAP.CD,737.7989629,680.4575643,660.7127163,656.0977288,629.8189861,615.6974355,666.2319824,810.6630638,1015.706723,1142.889018,1251.830201,1334.877376,1358.185087,1434.389102,1570.089482,1678.43941,1710.582051,1690.913141,1572.6986,1463.693601,1451.180357,1465.27234,1506.54076,1396.494155,1464.793991
Africa Western and Central,AFW,"GNI per capita, Atlas method (current US$)",NY.GNP.PCAP.CD,461.6611941,459.6303371,461.9967448,452.0324419,474.2376526,517.3385937,578.1932875,704.0928942,831.6362917,1017.47713,1185.209238,1430.568749,1497.611477,1555.142811,1590.321609,1763.84695,1923.711925,2096.815123,2004.978658,1771.335338,1587.397582,1604.628244,1663.335667,1644.359873,1707.394011
Albania,ALB,"GNI per capita, Atlas method (current US$)",NY.GNP.PCAP.CD,800,860,950,1100,1280,1370,1650,2100,2620,3050,3460,4040,4280,4360,4410,4360,4540,4540,4390,4320,4290,4860,5230,5260,6110
Algeria,DZA,"GNI per capita, Atlas method (current US$)",NY.GNP.PCAP.CD,1520,1560,1550,1610,1680,1740,1940,2260,2730,3130,3620,4230,4300,4490,4610,5220,5540,5510,4880,4400,3970,4010,4050,3600,3660
American Samoa,ASM,"GNI per capita, Atlas method (current US$)",NY.GNP.PCAP.CD,..,..,..,..,..,..,..,..,..,..,..,..,..,..,..,..,..,..,..,..,..,..,..,..,..
Andorra,AND,"GNI per capita, Atlas method (current US$)",NY.GNP.PCAP.CD,..,..,..,..,..,..,..,..,..,..,..,..,..,..,..,..,..,..,..,..,..,..,46530,..,..
Angola,AGO,"GNI per capita, Atlas method (current US$)",NY.GNP.PCAP.CD,450,410,330,360,390,590,710,1010,1370,1810,2460,3030,3170,3220,3360,4060,4650,4800,3880,2450,1980,1870,2040,1740,1710
Antigua and Barbuda,ATG,"GNI per capita, Atlas method (current US$)",NY.GNP.PCAP.CD,9140,9360,9720,10220,9980,9800,10700,11650,12670,14120,15460,15650,13960,13030,12730,13180,13040,13230,13370,14170,15000,16680,17310,14530,15780
Arab World,ARB,"GNI per capita, Atlas method (current US$)",NY.GNP.PCAP.CD,2395.996519,2406.240109,2417.739928,2571.307942,2679.003479,2640.880791,2818.017999,3270.597121,3724.37754,4295.259082,4927.257783,5749.926222,5843.477194,6147.556991,6145.059329,6875.577972,7270.981782,7347.761356,6880.572581,6458.664325,6022.643413,6170.040736,6335.741908,5887.949756,..
Argentina,ARG,"GNI per capita, Atlas method (current US$)",NY.GNP.PCAP.CD,8110,7990,7540,7430,6960,4020,3640,3360,4240,5460,6480,7630,7760,9270,10710,11890,12870,12350,12600,12220,13140,12430,11220,9010,9960
Armenia,ARM,"GNI per capita, Atlas method (current US$)",NY.GNP.PCAP.CD,530,560,590,640,690,780,940,1160,1500,1970,2690,3510,3250,3390,3470,3840,4110,4170,4080,3850,4070,4410,4880,4470,4850
Aruba,ABW,"GNI per capita, Atlas method (current US$)",NY.GNP.PCAP.CD,17980,18230,18320,20390,20510,19290,21120,24010,20370,24870,23390,27580,24930,23390,23400,24440,25500,25790,26180,26650,27720,29030,30000,24590,29390
Australia,AUS,"GNI per capita, Atlas method (current US$)",NY.GNP.PCAP.CD,22060,21920,21590,21280,20310,20200,21370,25830,30730,34580,37370,42380,44080,46740,50400,60270,66050,65180,60490,54080,51490,53100,54900,53620,57170
Austria,AUT,"GNI per capita, Atlas method (current US$)",NY.GNP.PCAP.CD,29560,27970,27080,26810,25320,25030,28100,33850,38770,41500,44540,49210,49150,49750,50700,50100,50720,50390,47480,46240,45040,48980,51020,48990,52760
Azerbaijan,AZE,"GNI per capita, Atlas method (current US$)",NY.GNP.PCAP.CD,410,510,600,630,680,740,840,960,1290,1920,2730,3890,4820,5410,5570,6480,7450,7740,6610,4790,4110,4080,4510,4480,4900
"Bahamas, The",BHS,"GNI per capita, Atlas method (current US$)",NY.GNP.PCAP.CD,14070,15490,22170,24170,24390,25040,25680,27200,28560,28870,29330,29270,27530,26900,26540,27200,26280,26840,27450,27610,29260,29810,31210,23500,26490
Bahrain,BHR,"GNI per capita, Atlas method (current US$)",NY.GNP.PCAP.CD,9400,9190,9080,10220,10980,11850,12950,14510,16310,17660,19570,20940,18920,19390,19150,23360,24790,24530,22740,21820,21790,23210,24420,22950,..
Bangladesh,BGD,"GNI per capita, Atlas method (current US$)",NY.GNP.PCAP.CD,390,410,420,430,430,430,460,500,540,570,600,660,720,800,890,970,1030,1100,1210,1410,1650,2020,2210,2300,2570
Barbados,BRB,"GNI per capita, Atlas method (current US$)",NY.GNP.PCAP.CD,9220,9630,10050,11060,10910,10930,11590,12600,13580,14610,15940,16600,16160,15960,15450,16150,16080,16050,16170,16350,16490,17020,17630,16230,16900
Belarus,BLR,"GNI per capita, Atlas method (current US$)",NY.GNP.PCAP.CD,1540,1560,1410,1380,1300,1380,1630,2170,2820,3510,4310,5470,5660,6150,6340,6630,7030,7620,6750,5640,5320,5730,6370,6400,6940
Belgium,BEL,"GNI per capita, Atlas method (current US$)",NY.GNP.PCAP.CD,28450,26530,25980,25890,24460,24060,27100,32910,37780,39940,42740,46570,46980,47080,46490,47130,47900,47820,45570,43400,42520,46060,48100,46030,50490
Belize,BLZ,"GNI per capita, Atlas method (current US$)",NY.GNP.PCAP.CD,3930,3830,3990,4400,4400,4490,4760,4940,4990,5110,5150,5120,5230,5000,5090,5250,5510,5610,5770,5650,5520,5660,5890,5210,6070
Benin,BEN,"GNI per capita, Atlas method (current US$)",NY.GNP.PCAP.CD,370,370,410,470,520,520,590,720,810,840,900,1010,1060,1050,1060,1090,1180,1230,1140,1070,1050,1150,1200,1230,1350
Bermuda,BMU,"GNI per capita, Atlas method (current US$)",NY.GNP.PCAP.CD,..,..,..,..,..,..,..,..,..,..,..,..,..,103480,101610,100100,101760,99920,101120,103620,112940,117000,117280,111800,122470
Bhutan,BTN,"GNI per capita, Atlas method (current US$)",NY.GNP.PCAP.CD,560,530,560,700,750,810,900,1020,1170,1290,1590,1720,1810,1980,2180,2330,2350,2400,2470,2600,2760,2940,3130,2840,3040
Bolivia,BOL,"GNI per capita, Atlas method (current US$)",NY.GNP.PCAP.CD,930,970,950,960,940,900,890,940,1000,1090,1210,1450,1600,1750,1970,2210,2540,2780,2900,2970,3020,3290,3440,3120,3290
Bosnia and Herzegovina,BIH,"GNI per capita, Atlas method (current US$)",NY.GNP.PCAP.CD,930,1210,1260,1390,1450,1570,1830,2450,2810,3170,3680,4500,4790,4820,4900,4900,5160,5170,5070,4990,4990,5620,6070,6030,6810
Botswana,BWA,"GNI per capita, Atlas method (current US$)",NY.GNP.PCAP.CD,3170,3050,3000,3020,3100,2780,3200,3730,4690,5250,5460,5310,4750,5220,6320,6700,7020,6800,5890,5760,5850,6220,6620,6010,6430
Brazil,BRA,"GNI per capita, Atlas method (current US$)",NY.GNP.PCAP.CD,5060,4920,4190,3910,3330,3080,2980,3340,3980,4830,6170,7590,8300,9610,11050,12270,12750,12080,10160,8890,8670,9140,9220,7820,7740
British Virgin Islands,VGB,"GNI per capita, Atlas method (current US$)",NY.GNP.PCAP.CD,..,..,..,..,..,..,..,..,..,..,..,..,..,..,..,..,..,..,..,..,..,..,..,..,..
Brunei Darussalam,BRN,"GNI per capita, Atlas method (current US$)",NY.GNP.PCAP.CD,16150,14380,14000,14650,16040,17100,17770,19930,22990,27390,30620,33690,31920,32680,34830,41580,44520,42380,38250,32690,29400,29030,31880,31210,30320
Bulgaria,BGR,"GNI per capita, Atlas method (current US$)",NY.GNP.PCAP.CD,1460,1440,1480,1660,1770,1970,2370,3060,3800,4300,4820,6070,6680,7010,7260,7490,7590,7700,7430,7400,7610,8530,9500,9520,11200
Burkina Faso,BFA,"GNI per capita, Atlas method (current US$)",NY.GNP.PCAP.CD,250,240,260,260,270,260,310,370,440,470,490,550,590,630,660,710,750,740,680,660,650,730,750,750,830
Burundi,BDI,"GNI per capita, Atlas method (current US$)",NY.GNP.PCAP.CD,150,150,140,140,130,130,120,120,130,150,170,180,190,210,220,240,240,250,250,250,250,240,230,220,220
Cabo Verde,CPV,"GNI per capita, Atlas method (current US$)",NY.GNP.PCAP.CD,1270,1240,1280,1310,1260,1220,1420,1790,2030,2160,2650,3110,3270,3200,3310,3250,3310,3190,3050,2980,2930,3240,3460,2920,3190
Cambodia,KHM,"GNI per capita, Atlas method (current US$)",NY.GNP.PCAP.CD,320,290,300,300,310,320,360,410,470,520,590,670,690,750,810,880,960,1020,1070,1160,1260,1420,1560,1530,1580
Cameroon,CMR,"GNI per capita, Atlas method (current US$)",NY.GNP.PCAP.CD,780,760,750,720,690,690,820,1020,1130,1190,1230,1350,1440,1440,1450,1450,1510,1570,1520,1450,1400,1500,1540,1520,1590
Canada,CAN,"GNI per capita, Atlas method (current US$)",NY.GNP.PCAP.CD,..,..,21450,22750,23110,23580,25480,29530,34310,37900,41550,44940,43230,44490,47190,51080,52800,52200,47590,43890,42900,45080,46540,43540,48310
Caribbean small states,CSS,"GNI per capita, Atlas method (current US$)",NY.GNP.PCAP.CD,3836.193366,4022.082415,4527.265121,4871.584898,4992.71972,5200.65276,5664.681635,6297.419497,6853.873062,7584.776677,8301.723559,9201.359378,8853.65115,8972.831438,8829.163854,9710.101205,10168.36361,10275.93497,10193.20556,9575.173402,9534.34663,9751.076088,10119.42987,8919.906156,9683.174272
Cayman Islands,CYM,"GNI per capita, Atlas method (current US$)",NY.GNP.PCAP.CD,..,..,..,..,..,..,..,..,..,..,..,..,..,73590,74100,51400,45330,43860,44970,48480,52670,58820,65680,61880,..
Central African Republic,CAF,"GNI per capita, Atlas method (current US$)",NY.GNP.PCAP.CD,300,270,270,250,250,250,250,290,320,340,370,400,460,480,500,530,350,360,370,380,400,450,470,460,480
Central Europe and the Baltics,CEB,"GNI per capita, Atlas method (current US$)",NY.GNP.PCAP.CD,3827.703002,3868.037347,3914.181282,4088.871524,4169.641886,4429.653961,5188.701609,6382.667279,7736.155775,8856.903101,10309.3298,12398.16555,12767.91459,12811.96475,12989.60721,13146.25716,13389.04836,13552.28104,13242.65921,12820.82563,13065.08076,14694.98083,15938.88046,15847.03606,17615.34133
Chad,TCD,"GNI per capita, Atlas method (current US$)",NY.GNP.PCAP.CD,210,220,200,180,190,200,220,340,470,540,640,700,840,910,890,960,970,970,880,730,640,670,690,630,640
Channel Islands,CHI,"GNI per capita, Atlas method (current US$)",NY.GNP.PCAP.CD,..,..,..,43430,42330,41390,43840,50740,56620,61160,66840,..,..,..,..,..,..,..,..,..,..,..,..,..,..
Chile,CHL,"GNI per capita, Atlas method (current US$)",NY.GNP.PCAP.CD,5610,5520,5150,5080,4820,4570,4620,5260,6270,7430,8790,10060,9980,10820,11970,14310,15230,14830,14210,13440,13340,14600,14830,12990,14780
China,CHN,"GNI per capita, Atlas method (current US$)",NY.GNP.PCAP.CD,750,800,860,940,1010,1110,1280,1510,1760,2060,2510,3100,3680,4340,5040,5910,6740,7470,7890,8210,8670,9540,10310,10520,11880
Colombia,COL,"GNI per capita, Atlas method (current US$)",NY.GNP.PCAP.CD,2690,2590,2360,2360,2350,2400,2400,2640,3030,3540,4170,4760,5190,5680,6370,7340,8000,8260,7400,6530,6010,6320,6590,5820,6190
Comoros,COM,"GNI per capita, Atlas method (current US$)",NY.GNP.PCAP.CD,790,730,710,730,710,690,800,970,1120,1170,1210,1350,1440,1450,1480,1500,1580,1580,1470,1410,1370,1480,1520,1520,1580
"Congo, Dem. Rep.",COD,"GNI per capita, Atlas method (current US$)",NY.GNP.PCAP.CD,120,120,100,130,130,190,160,190,200,220,250,280,290,310,330,370,400,430,440,450,440,480,510,540,550
"Congo, Rep.",COG,"GNI per capita, Atlas method (current US$)",NY.GNP.PCAP.CD,590,580,500,560,620,670,690,760,1100,1570,1670,2110,2420,2650,2600,3350,3590,3830,2970,2130,1640,1910,1980,1760,1970
Costa Rica,CRI,"GNI per capita, Atlas method (current US$)",NY.GNP.PCAP.CD,3330,3390,3450,3560,3660,3750,4000,4350,4610,5020,5630,6350,6480,7190,8020,9190,9840,10250,10610,11000,11400,11880,12040,11520,12310
Cote d'Ivoire,CIV,"GNI per capita, Atlas method (current US$)",NY.GNP.PCAP.CD,660,740,720,640,580,560,610,750,900,900,930,1060,1150,1190,1080,1220,1320,1990,2010,2010,2000,2140,2260,2240,2420
Croatia,HRV,"GNI per capita, Atlas method (current US$)",NY.GNP.PCAP.CD,5560,5460,5220,5250,5340,5660,6730,8600,10260,11410,12790,14400,14280,14270,14240,13640,13790,13520,13310,12740,13030,14440,15580,14820,17630
Cuba,CUB,"GNI per capita, Atlas method (current US$)",NY.GNP.PCAP.CD,2500,2240,2400,2620,2760,2830,3100,3500,3970,4410,4740,5040,5090,5170,5590,6080,6620,6820,7220,7480,7950,8630,8920,..,..
Curacao,CUW,"GNI per capita, Atlas method (current US$)",NY.GNP.PCAP.CD,..,..,..,..,..,..,..,..,..,..,..,..,..,..,..,..,19890,19760,19520,19030,18960,19430,19700,16690,18430
Cyprus,CYP,"GNI per capita, Atlas method (current US$)",NY.GNP.PCAP.CD,14280,15490,14340,14180,14170,14510,16710,20260,23990,25600,27340,31970,32780,32130,32640,29760,27890,26610,26100,24840,25050,27410,28560,26600,28470
Czechia,CZE,"GNI per capita, Atlas method (current US$)",NY.GNP.PCAP.CD,6160,6110,6110,6340,6350,6650,8110,10260,12480,14000,15850,18510,18840,19400,19460,19440,19410,18900,18370,17670,18310,20560,22120,21800,24430
Denmark,DNK,"GNI per capita, Atlas method (current US$)",NY.GNP.PCAP.CD,35150,33460,33060,32580,31410,30850,34750,42640,49610,53540,55740,60390,60090,61220,61990,61650,63200,63670,60510,58040,56690,61260,63140,62710,68300
Djibouti,DJI,"GNI per capita, Atlas method (current US$)",NY.GNP.PCAP.CD,..,..,..,..,..,..,..,..,..,..,..,..,..,..,..,..,..,..,2310,2400,2480,2640,2820,2830,3080
Dominica,DMA,"GNI per capita, Atlas method (current US$)",NY.GNP.PCAP.CD,4100,4270,4270,4300,4570,4370,4790,5080,5190,5650,5920,6530,6720,6930,7140,7060,6910,7210,7030,7400,7380,7890,8250,7140,7790
Dominican Republic,DOM,"GNI per capita, Atlas method (current US$)",NY.GNP.PCAP.CD,2340,2430,2520,2660,2720,2870,2620,2540,3020,3610,4400,4730,4890,5280,5490,5730,5970,6260,6500,6780,7000,7680,7990,7170,8100
Early-demographic dividend,EAR,"GNI per capita, Atlas method (current US$)",NY.GNP.PCAP.CD,1223.000269,1188.183472,1200.689175,1261.700428,1279.263293,1247.642488,1325.752535,1504.443066,1720.735107,1931.105526,2183.013773,2443.377496,2531.502281,2759.427262,2970.119818,3259.497617,3380.775523,3410.351492,3289.756817,3250.978325,3309.661409,3477.679196,3536.426346,3269.37998,3589.000391
East Asia & Pacific,EAS,"GNI per capita, Atlas method (current US$)",NY.GNP.PCAP.CD,4232.792255,3702.107974,3660.852225,3869.029869,3955.624534,3908.145142,4090.529797,4600.229872,5037.117872,5321.745939,5686.259516,6191.552868,6536.394578,7352.036637,8159.887384,9123.055256,9715.746198,9937.775506,9818.746792,9894.127807,10229.41545,11095.60984,11689.56195,11637.03795,12736.96462
East Asia & Pacific (excluding high income),EAP,"GNI per capita, Atlas method (current US$)",NY.GNP.PCAP.CD,888.6008644,832.3790481,854.5852249,909.6220168,980.6313051,1061.252889,1205.922572,1418.076368,1632.717474,1889.560897,2267.00665,2761.248895,3207.097968,3749.130327,4335.599039,5069.687848,5697.662849,6195.985143,6446.304721,6652.983041,6991.649021,7670.948441,8257.33632,8333.18882,9290.980257
East Asia & Pacific (IDA & IBRD countries),TEA,"GNI per capita, Atlas method (current US$)",NY.GNP.PCAP.CD,899.1697795,842.2456463,864.682239,920.3337109,992.1382566,1073.656187,1219.977779,1434.582097,1651.684052,1911.454686,2293.195511,2793.043672,3243.911691,3792.022096,4384.993011,5127.161087,5761.992459,6265.702778,6518.633613,6727.426554,7069.641549,7756.349535,8349.150846,8425.805299,9394.307008
Ecuador,ECU,"GNI per capita, Atlas method (current US$)",NY.GNP.PCAP.CD,2170,2160,1780,1560,1560,1740,2130,2560,2890,3110,3310,3860,4070,4400,4880,5380,5800,6100,5980,5820,5890,6110,6100,5560,5960
"Egypt, Arab Rep.",EGY,"GNI per capita, Atlas method (current US$)",NY.GNP.PCAP.CD,1090,1170,1260,1370,1380,1280,1190,1150,1160,1260,1460,1750,2010,2250,2430,2690,2870,3060,3160,3260,2870,2650,2550,2860,3350
El Salvador,SLV,"GNI per capita, Atlas method (current US$)",NY.GNP.PCAP.CD,1660,1720,1790,1880,1930,1990,2110,2270,2420,2590,2710,2900,2850,2910,3100,3250,3390,3450,3490,3570,3670,3900,4090,3740,4260
Equatorial Guinea,GNQ,"GNI per capita, Atlas method (current US$)",NY.GNP.PCAP.CD,770,620,720,680,790,1110,1040,1490,3370,7020,10040,12330,10830,8600,9950,11980,12140,11460,9410,7180,5660,5860,5520,5100,5150
Eritrea,ERI,"GNI per capita, Atlas method (current US$)",NY.GNP.PCAP.CD,310,310,300,290,300,290,290,330,390,410,430,420,490,520,610,..,..,..,..,..,..,..,..,..,..
Estonia,EST,"GNI per capita, Atlas method (current US$)",NY.GNP.PCAP.CD,..,..,..,4170,4310,4620,5730,7500,9730,11500,13430,15190,14570,14580,15840,16760,18140,18880,18570,18290,18760,21180,23010,23570,26460
Eswatini,SWZ,"GNI per capita, Atlas method (current US$)",NY.GNP.PCAP.CD,1900,1690,1690,1630,1660,1520,1640,2080,2970,3170,3350,3240,3210,3350,3740,4190,4290,4020,3700,3370,3310,3550,3630,3360,3650
Ethiopia,ETH,"GNI per capita, Atlas method (current US$)",NY.GNP.PCAP.CD,140,130,120,120,120,120,110,130,160,180,220,270,330,370,380,400,460,540,590,650,720,780,830,880,940
Euro area,EMU,"GNI per capita, Atlas method (current US$)",NY.GNP.PCAP.CD,23839.80198,22793.4972,22386.69159,22174.44273,21260.77509,20741.01847,23336.26695,28345.29876,32450.28053,34554.52436,36718.59151,39554.8502,39682.4904,39852.50075,40336.23272,39241.89563,39448.83562,39368.75668,37711.79071,36336.43319,35845.97954,38830.84609,40238.1621,38208.36246,41954.26372
Europe & Central Asia,ECS,"GNI per capita, Atlas method (current US$)",NY.GNP.PCAP.CD,12972.35173,12581.10847,12454.88303,12551.0418,12138.93564,12064.46765,13636.62376,16586.82535,19215.58593,20793.63731,22522.05241,24540.53385,24318.14691,24555.64986,25017.18779,25321.16763,26007.36923,26042.19202,24657.59552,23341.94336,22858.44904,24421.84192,25339.61582,24016.3533,26492.50083
Europe & Central Asia (excluding high income),ECA,"GNI per capita, Atlas method (current US$)",NY.GNP.PCAP.CD,2009.645649,1847.660535,1705.939568,1788.829534,1700.464756,1857.390044,2197.529251,2892.319593,3722.676215,4611.76054,5718.793604,6950.298082,6835.759175,7388.800351,8059.545168,9321.6468,10295.67172,10166.91051,8795.745993,7623.763643,7292.992138,7680.925792,8044.573909,7709.009696,8383.811476
Europe & Central Asia (IDA & IBRD countries),TEC,"GNI per capita, Atlas method (current US$)",NY.GNP.PCAP.CD,2222.740544,2094.054511,1979.566698,2073.561029,2004.224638,2167.127626,2535.381991,3247.445299,4110.677015,5025.690372,6188.146204,7544.35562,7509.744209,7971.569568,8570.325328,9678.866829,10537.65025,10458.9082,9245.690615,8168.97389,7909.108751,8440.228606,8905.621428,8602.991417,9392.725237
European Union,EUU,"GNI per capita, Atlas method (current US$)",NY.GNP.PCAP.CD,19658.25251,18872.48641,18590.88154,18501.48896,17813.98469,17493.86405,19750.37926,24030.28975,27635.31615,29601.2935,31661.07723,34410.70379,34555.5302,34778.98519,35237.6105,34500.94534,34798.42284,34799.20509,33395.80862,32171.81329,31826.60175,34565.5898,35947.60396,34342.19439,37778.77658
Faroe Islands,FRO,"GNI per capita, Atlas method (current US$)",NY.GNP.PCAP.CD,..,..,..,..,..,..,..,..,..,..,..,..,..,..,..,..,..,..,..,..,..,..,..,..,..
Fiji,FJI,"GNI per capita, Atlas method (current US$)",NY.GNP.PCAP.CD,2540,2250,2300,2170,2070,2070,2290,2850,3350,3370,3560,3760,3650,3470,3590,3930,4470,4750,4840,5020,5120,5680,5610,4680,4500
Finland,FIN,"GNI per capita, Atlas method (current US$)",NY.GNP.PCAP.CD,26680,25820,26050,26480,25850,25620,28800,35380,40230,42840,46190,50160,48950,49750,50260,48970,49510,49420,47180,45530,44840,48210,49940,50100,53510
Fragile and conflict affected situations,FCS,"GNI per capita, Atlas method (current US$)",NY.GNP.PCAP.CD,660.8887738,652.9076325,671.6727945,711.5573089,766.6996302,766.234934,770.6547132,921.0598036,1068.982102,1286.319681,1545.177415,1858.87549,1966.503851,2122.221129,1991.326861,2160.883045,2222.125591,2276.89049,2012.493317,1852.974962,1746.917619,1753.014043,1823.186231,1724.430697,1771.293814
France,FRA,"GNI per capita, Atlas method (current US$)",NY.GNP.PCAP.CD,26930,25820,25420,24990,23870,23150,26000,31450,35920,37880,40160,43540,44070,43970,44440,43410,43800,43340,41130,39100,38320,41170,42460,39440,44160
French Polynesia,PYF,"GNI per capita, Atlas method (current US$)",NY.GNP.PCAP.CD,21050,19670,18980,18560,..,..,..,..,..,..,..,..,..,..,..,..,..,..,..,..,..,..,..,..,..
Gabon,GAB,"GNI per capita, Atlas method (current US$)",NY.GNP.PCAP.CD,4130,3810,3170,2990,3300,3470,3710,4120,5260,5470,6260,6950,7210,7450,7720,8660,8920,8930,7660,6810,6280,6610,6950,6830,6440
"Gambia, The",GMB,"GNI per capita, Atlas method (current US$)",NY.GNP.PCAP.CD,630,600,590,570,510,410,370,430,480,600,650,750,810,820,700,700,670,600,580,580,610,670,700,700,740
Georgia,GEO,"GNI per capita, Atlas method (current US$)",NY.GNP.PCAP.CD,820,870,840,790,780,840,990,1210,1520,1910,2380,2820,2950,3210,3520,4150,4530,4740,4410,4080,4040,4460,4690,4260,4700
Germany,DEU,"GNI per capita, Atlas method (current US$)",NY.GNP.PCAP.CD,30140,27950,26840,26180,24770,23680,26140,31670,35770,38270,40470,43650,43660,44680,47320,46560,47220,47640,45780,44280,43760,47490,49220,48050,51660
Ghana,GHA,"GNI per capita, Atlas method (current US$)",NY.GNP.PCAP.CD,380,380,390,330,290,270,310,370,450,580,770,1110,1150,1200,1340,1480,1780,1820,1870,1750,1820,2050,2150,2230,2280
Gibraltar,GIB,"GNI per capita, Atlas method (current US$)",NY.GNP.PCAP.CD,..,..,..,..,..,..,..,..,..,..,..,..,..,..,..,..,..,..,..,..,..,..,..,..,..
Greece,GRC,"GNI per capita, Atlas method (current US$)",NY.GNP.PCAP.CD,..,..,..,..,..,..,..,..,..,24570,26370,28710,29420,27610,24560,23180,22430,22010,20190,18640,17960,19080,19690,17960,20000
Greenland,GRL,"GNI per capita, Atlas method (current US$)",NY.GNP.PCAP.CD,20540,20440,19740,20290,19390,18760,20440,25730,30920,30240,34800,..,..,..,..,..,..,..,..,..,..,..,..,..,..
Grenada,GRD,"GNI per capita, Atlas method (current US$)",NY.GNP.PCAP.CD,3520,3830,4140,4410,4310,4460,5060,5100,6310,6080,6430,6810,6270,6470,6560,6520,6840,6940,7140,7670,8020,8740,8920,7880,8590
Guam,GUM,"GNI per capita, Atlas method (current US$)",NY.GNP.PCAP.CD,..,..,..,..,..,..,..,..,..,..,..,..,..,..,..,..,..,..,..,..,..,..,..,..,..
Guatemala,GTM,"GNI per capita, Atlas method (current US$)",NY.GNP.PCAP.CD,1530,1610,1650,1670,1600,1600,1670,1850,2000,2150,2370,2610,2650,2730,2910,3160,3380,3550,3700,3870,4100,4400,4620,4490,4940
Guinea,GIN,"GNI per capita, Atlas method (current US$)",NY.GNP.PCAP.CD,500,460,440,400,360,350,340,370,360,400,460,620,670,690,670,690,690,730,750,760,810,850,940,960,1020
Guinea-Bissau,GNB,"GNI per capita, Atlas method (current US$)",NY.GNP.PCAP.CD,230,160,160,200,240,300,320,370,420,430,450,500,550,570,620,610,620,620,620,640,660,700,780,740,760
Guyana,GUY,"GNI per capita, Atlas method (current US$)",NY.GNP.PCAP.CD,890,870,850,870,870,870,920,1010,1070,1450,2250,3820,4160,4520,4870,5360,5630,5660,5560,5690,6000,6240,6500,8190,9410
Haiti,HTI,"GNI per capita, Atlas method (current US$)",NY.GNP.PCAP.CD,400,410,460,550,640,730,670,660,700,790,910,1010,1160,1140,1250,1320,1410,1440,1430,1370,1360,1420,1400,1330,1430
Heavily indebted poor countries (HIPC),HPC,"GNI per capita, Atlas method (current US$)",NY.GNP.PCAP.CD,326.6706099,324.3560065,325.6069081,328.0636723,327.2273864,333.4078058,358.3595431,411.8394565,465.7181178,514.9981562,580.5650465,680.1798406,737.1196358,774.5398314,809.5242158,850.7540149,904.9264222,967.4330003,959.2736922,948.2905786,959.4377749,960.6957429,975.2168557,944.523542,989.0512022
High income,HIC,"GNI per capita, Atlas method (current US$)",NY.GNP.PCAP.CD,25053.31037,24094.74872,24372.18612,25393.572,25382.04888,25222.5779,27171.90254,31021.46741,34167.56177,35827.88331,37220.15819,38860.22751,38215.87724,39290.68692,40605.13898,41953.17374,42769.73685,42952.45231,41729.79916,40860.29279,41144.70893,44022.58911,45590.9176,43945.31327,48120.40469
Honduras,HND,"GNI per capita, Atlas method (current US$)",NY.GNP.PCAP.CD,890,900,920,1010,1040,1060,1110,1190,1270,1340,1470,1610,1650,1710,1850,1930,1970,1970,2020,2080,2200,2280,2330,2150,2490
"Hong Kong SAR, China",HKG,"GNI per capita, Atlas method (current US$)",NY.GNP.PCAP.CD,26080,25110,25800,26930,26350,25270,26340,28120,28890,30290,32070,33950,32350,33620,35690,36340,38570,40240,41180,42970,46380,50050,50480,48550,54460
Hungary,HUN,"GNI per capita, Atlas method (current US$)",NY.GNP.PCAP.CD,4400,4410,4490,4620,4790,5290,6630,8650,10380,11240,11770,13250,13410,13260,13250,13080,13520,13560,13230,13100,13180,14980,16570,16030,17740
IBRD only,IBD,"GNI per capita, Atlas method (current US$)",NY.GNP.PCAP.CD,1435.049494,1391.958427,1367.67624,1413.631643,1423.848235,1441.495138,1564.79466,1822.057376,2128.583988,2477.069159,2944.94965,3478.742813,3742.410614,4182.257578,4664.266832,5293.676366,5716.247233,5898.768777,5717.479182,5602.147387,5729.640814,6164.049988,6491.012702,6258.714265,6894.74002
Iceland,ISL,"GNI per capita, Atlas method (current US$)",NY.GNP.PCAP.CD,28480,29270,30400,31540,30700,30930,33710,42020,50520,53450,61880,50060,41860,36270,37610,40690,46960,48090,49940,54910,60230,67770,72950,62280,63460
IDA & IBRD total,IBT,"GNI per capita, Atlas method (current US$)",NY.GNP.PCAP.CD,1224.307141,1187.026218,1166.319822,1202.43702,1211.31078,1226.79672,1328.507937,1542.907443,1794.525741,2080.824947,2459.617304,2895.837296,3109.108228,3454.420391,3808.38669,4290.159224,4619.369249,4768.415274,4621.340072,4521.141608,4605.054261,4930.547869,5168.282956,4971.892305,5441.042684
IDA blend,IDB,"GNI per capita, Atlas method (current US$)",NY.GNP.PCAP.CD,482.6219225,469.0725833,473.4899984,484.6956193,506.45127,539.0069042,582.6980355,688.9000516,794.7537081,946.7023933,1086.189033,1271.754847,1334.395707,1411.609842,1491.012554,1670.811359,1827.212414,1971.575207,1949.20393,1855.4094,1754.360029,1806.0363,1815.731831,1736.051575,1813.784853
IDA only,IDX,"GNI per capita, Atlas method (current US$)",NY.GNP.PCAP.CD,391.1198793,392.8245918,396.7279672,405.4797711,415.9549831,427.2236122,460.1145829,522.0492666,583.4158027,644.2975566,724.7137733,837.0829576,919.7043582,988.3019198,917.2910175,906.5819399,940.2036767,991.8505775,994.8355723,1020.443439,1068.475794,1125.603057,1174.239063,1161.186649,1224.352781
IDA total,IDA,"GNI per capita, Atlas method (current US$)",NY.GNP.PCAP.CD,421.593801,417.2273015,421.3581967,431.1310575,445.5503661,464.1422402,500.5792181,577.5600834,654.0359321,746.118034,846.6261603,983.9609887,1059.48891,1131.059299,1111.933768,1166.247658,1241.588616,1324.523086,1318.322347,1302.38166,1298.964974,1353.623755,1388.179854,1351.996768,1419.471094
India,IND,"GNI per capita, Atlas method (current US$)",NY.GNP.PCAP.CD,410,410,440,440,450,460,510,600,700,780,910,990,1110,1210,1360,1470,1500,1550,1590,1660,1800,1980,2080,1890,2150
Indonesia,IDN,"GNI per capita, Atlas method (current US$)",NY.GNP.PCAP.CD,1090,650,570,570,710,780,890,1070,1210,1360,1580,1920,2130,2510,2990,3550,3710,3600,3420,3400,3530,3850,4070,3900,4180
"Iran, Islamic Rep.",IRN,"GNI per capita, Atlas method (current US$)",NY.GNP.PCAP.CD,1820,1800,1760,1770,1800,1890,2210,2510,2940,3450,4220,4890,5450,6110,6860,7490,7340,6740,5480,5470,5490,4880,4010,3290,3530
Iraq,IRQ,"GNI per capita, Atlas method (current US$)",NY.GNP.PCAP.CD,720,880,1230,1520,1650,1340,800,1300,1340,1730,2330,3440,3980,4350,4710,5940,6590,6320,5460,5050,4400,4780,5470,4720,4760
Ireland,IRL,"GNI per capita, Atlas method (current US$)",NY.GNP.PCAP.CD,20650,21430,22690,24130,24080,24920,29980,37840,44640,47950,50540,50940,46810,44990,42270,40840,43580,46480,50280,51790,53520,59350,63570,65330,76110
Isle of Man,IMN,"GNI per capita, Atlas method (current US$)",NY.GNP.PCAP.CD,17300,19110,21690,22280,22870,24130,28120,34540,40030,45010,47980,43660,46800,72450,74870,82400,87680,88570,83630,78710,78840,83960,84580,..,..
Israel,ISR,"GNI per capita, Atlas method (current US$)",NY.GNP.PCAP.CD,19700,19460,19110,19960,19920,19130,19300,20680,22190,23030,24710,26900,27940,30280,32320,33020,35080,36670,36640,36970,38320,41690,44070,43310,49290
Italy,ITA,"GNI per capita, Atlas method (current US$)",NY.GNP.PCAP.CD,22300,22220,21990,21910,21190,20770,23410,28360,32480,34280,35930,37980,37990,37960,37980,36220,35570,34910,33000,31970,31380,33850,34930,32410,35990
Jamaica,JAM,"GNI per capita, Atlas method (current US$)",NY.GNP.PCAP.CD,2800,2930,3160,3290,3300,3320,3510,3740,3890,4180,4420,4680,4440,4520,4730,5130,5170,5070,4870,4770,4940,5230,5500,4900,5190
Japan,JPN,"GNI per capita, Atlas method (current US$)",NY.GNP.PCAP.CD,40760,35010,34320,36810,37380,35360,35660,39000,41280,40590,39310,39380,39230,43910,47470,50060,48850,44440,39380,38460,38930,41770,42010,40810,42650
Jordan,JOR,"GNI per capita, Atlas method (current US$)",NY.GNP.PCAP.CD,1490,1510,1560,1690,1760,1790,1920,2180,2370,2480,2640,3070,3440,3690,3910,4180,4240,4040,3860,3830,3920,4090,4200,4070,4170
Kazakhstan,KAZ,"GNI per capita, Atlas method (current US$)",NY.GNP.PCAP.CD,1390,1390,1290,1270,1360,1530,1810,2300,2930,3860,4980,6110,6790,7440,8280,9940,11840,12080,11380,8770,8040,8070,8820,8710,8880
Kenya,KEN,"GNI per capita, Atlas method (current US$)",NY.GNP.PCAP.CD,400,440,440,430,410,390,420,460,520,590,710,830,830,930,1010,1060,1130,1260,1330,1500,1550,1730,1890,1900,2080
Kiribati,KIR,"GNI per capita, Atlas method (current US$)",NY.GNP.PCAP.CD,1280,1390,1240,1270,1270,1180,1240,1390,1600,1610,1720,1830,1810,1950,1990,2490,2840,3050,3280,2660,2780,3000,3250,2740,2750
"Korea, Dem. People's Rep.",PRK,"GNI per capita, Atlas method (current US$)",NY.GNP.PCAP.CD,..,..,..,..,..,..,..,..,..,..,..,..,..,..,..,..,..,..,..,..,..,..,..,..,..
"Korea, Rep.",KOR,"GNI per capita, Atlas method (current US$)",NY.GNP.PCAP.CD,13550,10330,10430,11030,11950,12850,13790,16200,18520,20800,23440,23860,22040,22290,23590,25660,26980,28160,28720,29330,30300,32750,33830,33040,35110
Kosovo,XKX,"GNI per capita, Atlas method (current US$)",NY.GNP.PCAP.CD,..,..,..,..,..,..,..,..,..,..,..,..,..,3150,3390,3540,3800,3910,3930,3930,3950,4300,4640,4440,5130
Kuwait,KWT,"GNI per capita, Atlas method (current US$)",NY.GNP.PCAP.CD,20860,19800,17540,19000,19710,19760,23240,29130,35760,42480,47530,51810,45410,43190,44120,49020,51310,50050,41040,34540,30880,32300,34290,..,..
Kyrgyz Republic,KGZ,"GNI per capita, Atlas method (current US$)",NY.GNP.PCAP.CD,390,360,300,280,280,290,340,400,450,500,610,760,860,850,880,1040,1190,1250,1180,1110,1110,1220,1240,1180,1180
Lao PDR,LAO,"GNI per capita, Atlas method (current US$)",NY.GNP.PCAP.CD,370,300,280,280,300,320,330,380,450,510,610,740,880,990,1130,1360,1600,1810,1970,2110,2240,2470,2520,2470,2500
Late-demographic dividend,LTE,"GNI per capita, Atlas method (current US$)",NY.GNP.PCAP.CD,1709.62668,1660.532487,1595.581152,1631.56519,1642.640049,1719.876168,1915.597967,2273.658744,2687.833098,3186.95888,3872.552301,4694.052966,5127.749597,5768.952748,6502.394919,7476.65929,8266.549722,8676.772971,8502.673099,8345.946513,8551.581074,9347.446897,10011.92582,9882.48194,10915.88892
Latin America & Caribbean,LCN,"GNI per capita, Atlas method (current US$)",NY.GNP.PCAP.CD,4297.371362,4290.449324,4085.567368,4149.719111,4033.766776,3783.161461,3774.421056,4093.088419,4582.211669,5275.882006,6155.321484,7093.86758,7268.046294,8059.032203,8875.961007,9804.86532,10220.74115,10109.31228,9147.324717,8427.130825,8314.250587,8649.377374,8750.080242,7637.295012,8067.689348
Latin America & Caribbean (excluding high income),LAC,"GNI per capita, Atlas method (current US$)",NY.GNP.PCAP.CD,4225.085766,4218.150224,3982.491455,4017.667583,3872.798947,3640.149698,3649.2787,3925.81971,4376.444808,5032.643191,5863.432689,6745.768736,6884.103632,7642.497453,8482.606928,9370.638548,9815.196966,9639.461823,8813.203037,8077.980654,7945.848142,8225.054799,8290.741418,7217.58711,7578.611136
Latin America & the Caribbean (IDA & IBRD countries),TLA,"GNI per capita, Atlas method (current US$)",NY.GNP.PCAP.CD,4286.054094,4282.004215,4055.777691,4107.547177,3982.355842,3721.274897,3699.1735,4002.086705,4491.548477,5192.321512,6083.026451,7036.721551,7215.373733,8024.053812,8850.270146,9789.193918,10204.01012,10085.64855,9090.982279,8345.707094,8219.820669,8546.760046,8637.522246,7528.003688,7949.242439
Latvia,LVA,"GNI per capita, Atlas method (current US$)",NY.GNP.PCAP.CD,2720,2870,2990,3320,3600,3940,4670,5830,7390,8930,11230,13520,14120,12650,12740,13800,14850,15340,15110,14800,14870,16560,17830,18240,19790
Least developed countries: UN classification,LDC,"GNI per capita, Atlas method (current US$)",NY.GNP.PCAP.CD,285.9254417,284.2931629,285.8010466,296.6102789,303.725709,315.2149675,338.3737252,388.7366621,441.6313596,492.5813041,563.2124888,653.6926389,715.6345335,769.7353793,825.2419305,897.8662774,972.3482104,1019.550757,998.0977463,989.9045922,1025.644793,1069.570599,1117.342732,1100.575532,1151.245402
Lebanon,LBN,"GNI per capita, Atlas method (current US$)",NY.GNP.PCAP.CD,3560,3750,3960,4090,4060,3950,3690,4720,4940,4900,5360,5910,6680,7410,7800,8080,7970,7520,7440,7750,8320,8760,8630,6400,5110
Lesotho,LSO,"GNI per capita, Atlas method (current US$)",NY.GNP.PCAP.CD,690,620,620,590,650,600,680,810,1030,1140,1300,1290,1180,1260,1340,1480,1430,1320,1280,1230,1150,1180,1270,1150,1210
Liberia,LBR,"GNI per capita, Atlas method (current US$)",NY.GNP.PCAP.CD,..,..,..,..,..,250,180,210,250,280,310,370,410,440,500,540,620,630,630,620,630,620,610,600,630
Libya,LBY,"GNI per capita, Atlas method (current US$)",NY.GNP.PCAP.CD,..,..,..,..,..,5290,5240,5160,6810,8710,10910,12310,11150,11670,6170,13810,12120,9460,8690,7980,10220,11520,10530,7890,8700
Liechtenstein,LIE,"GNI per capita, Atlas method (current US$)",NY.GNP.PCAP.CD,80300,77930,79020,79240,68600,65420,68800,79030,93020,104310,112400,122130,116600,..,..,..,..,..,..,..,..,..,..,..,..
Lithuania,LTU,"GNI per capita, Atlas method (current US$)",NY.GNP.PCAP.CD,2600,2860,2980,3210,3450,3820,4700,6010,7560,8800,10600,12680,12460,12570,13320,14100,15340,16070,15190,14890,15280,17470,19080,19680,21740
Low & middle income,LMY,"GNI per capita, Atlas method (current US$)",NY.GNP.PCAP.CD,1161.527224,1123.068006,1102.722177,1135.783042,1143.796813,1162.069979,1262.488807,1466.293648,1702.59994,1972.009659,2328.074523,2734.556477,2942.29724,3284.269824,3638.00414,4114.463032,4447.720988,4593.376372,4470.324023,4378.509387,4461.718907,4770.658829,4997.455175,4809.614977,5261.888676
Low income,LIC,"GNI per capita, Atlas method (current US$)",NY.GNP.PCAP.CD,259.4578517,244.8577297,241.1341591,241.0913202,246.4722889,255.7759859,272.579878,311.8065252,353.6052436,394.015474,451.6039666,522.6924185,580.2163705,616.6634711,653.9032014,678.6347503,716.1067927,753.8019131,748.9360263,754.077605,771.9817134,747.2515347,742.5274705,714.2556275,741.1779466
Lower middle income,LMC,"GNI per capita, Atlas method (current US$)",NY.GNP.PCAP.CD,618.4910284,579.9719122,583.3697387,589.7425739,611.7795597,626.3041232,689.553975,800.2692757,914.2214741,1033.446457,1200.35286,1377.677097,1500.575311,1649.541165,1823.122118,2035.74034,2141.628556,2188.060658,2139.860233,2145.147096,2196.315732,2336.284345,2407.145288,2266.694668,2469.502864
Luxembourg,LUX,"GNI per capita, Atlas method (current US$)",NY.GNP.PCAP.CD,49360,46350,46520,45690,45000,42520,46050,62680,73180,71370,85730,86000,70650,77640,79210,87950,85160,86760,73530,73730,75800,79770,77500,79580,88190
"Macao SAR, China",MAC,"GNI per capita, Atlas method (current US$)",NY.GNP.PCAP.CD,16890,15350,14390,14580,15720,16260,17750,22040,23670,25770,33430,32900,34990,43710,52570,58830,67630,70480,60760,62300,68200,74190,73170,44690,46450
Madagascar,MDG,"GNI per capita, Atlas method (current US$)",NY.GNP.PCAP.CD,290,290,270,280,290,270,330,340,330,320,370,440,460,460,470,480,500,500,470,450,460,490,510,460,490
Malawi,MWI,"GNI per capita, Atlas method (current US$)",NY.GNP.PCAP.CD,200,200,180,160,140,170,220,300,300,300,330,370,410,440,490,450,400,370,350,340,370,430,550,580,620
Malaysia,MYS,"GNI per capita, Atlas method (current US$)",NY.GNP.PCAP.CD,4690,3690,3430,3490,3570,3800,4160,4710,5230,5770,6540,7400,7470,8110,8890,9980,10600,10870,10400,9880,9680,10370,10960,10320,10710
Maldives,MDV,"GNI per capita, Atlas method (current US$)",NY.GNP.PCAP.CD,1730,1820,1940,2050,2230,2640,3460,3890,3600,4730,4610,5520,5530,6030,6700,6790,7060,7640,7990,8450,9040,9700,10160,6780,9600
Mali,MLI,"GNI per capita, Atlas method (current US$)",NY.GNP.PCAP.CD,270,270,280,280,290,280,340,390,450,480,520,590,640,670,710,710,750,780,770,750,730,800,820,790,820
Malta,MLT,"GNI per capita, Atlas method (current US$)",NY.GNP.PCAP.CD,10200,10070,10530,10950,10760,10800,12590,14350,15730,16360,17570,20410,20310,21370,22120,22160,23370,24560,25230,23440,24670,27950,29340,26440,30760
Marshall Islands,MHL,"GNI per capita, Atlas method (current US$)",NY.GNP.PCAP.CD,2500,2540,2650,2770,2940,2970,3070,3270,3470,3390,3580,3490,3610,3710,3780,3790,4280,4500,4980,5040,5330,6010,6750,6690,6780
Mauritania,MRT,"GNI per capita, Atlas method (current US$)",NY.GNP.PCAP.CD,850,810,800,710,640,640,710,800,940,1150,1240,1400,1480,1540,1630,1790,1890,1790,1690,1560,1570,1710,1790,1790,1950
Mauritius,MUS,"GNI per capita, Atlas method (current US$)",NY.GNP.PCAP.CD,3900,3780,3660,3900,3970,3960,4410,5170,5600,5910,6470,7380,7720,8250,8580,9260,9920,10220,10140,10050,10410,11510,12130,9940,9920
Mexico,MEX,"GNI per capita, Atlas method (current US$)",NY.GNP.PCAP.CD,4730,5070,5580,6280,6800,7150,7410,7860,8100,8750,9330,9880,8940,9170,9430,10180,10400,10640,10310,9530,9060,9350,9660,8750,9590
"Micronesia, Fed. Sts.",FSM,"GNI per capita, Atlas method (current US$)",NY.GNP.PCAP.CD,1880,1890,1980,2130,2160,2170,2270,2340,2450,2450,2460,2470,2690,2780,2950,3050,3100,3100,3470,3420,3490,3450,4030,4070,3980
Middle East & North Africa,MEA,"GNI per capita, Atlas method (current US$)",NY.GNP.PCAP.CD,2863.107834,2870.292743,2864.260693,3019.211653,3120.23543,3087.228825,3307.396323,3793.357098,4303.8897,4916.960439,5647.296308,6546.54129,6758.956955,7205.783051,7379.801374,8191.5625,8568.541133,8551.241962,7889.214203,7494.506643,7110.940633,7305.999997,7399.350042,6875.751407,..
Middle East & North Africa (excluding high income),MNA,"GNI per capita, Atlas method (current US$)",NY.GNP.PCAP.CD,1570.081591,1617.228828,1671.684491,1746.191879,1797.709766,1780.174481,1855.961692,2099.434363,2364.208149,2692.632908,3151.894116,3697.606631,4036.233347,4380.27578,4214.581929,4563.999404,4603.915371,4484.793375,4036.770938,3930.344305,3755.011925,3651.989329,3505.474176,3170.946993,3408.549121
Middle East & North Africa (IDA & IBRD countries),TMN,"GNI per capita, Atlas method (current US$)",NY.GNP.PCAP.CD,1568.819869,1614.611941,1669.364252,1747.982853,1802.146733,1786.385704,1861.109624,2104.322837,2370.45329,2703.280544,3166.733221,3715.869264,4056.052091,4401.144466,4229.603662,4579.361886,4616.784013,4495.330288,4040.97394,3930.690624,3753.000372,3645.757929,3496.417704,3164.700373,3398.755945
Middle income,MIC,"GNI per capita, Atlas method (current US$)",NY.GNP.PCAP.CD,1224.640157,1185.062697,1164.562794,1200.779651,1208.829695,1228.042045,1335.577403,1553.334733,1807.163868,2096.987796,2480.477135,2918.222964,3141.458059,3515.288554,3928.479452,4469.029875,4844.430948,5008.209599,4879.910009,4784.205867,4881.802705,5237.684056,5498.914454,5302.224292,5815.377118
Moldova,MDA,"GNI per capita, Atlas method (current US$)",NY.GNP.PCAP.CD,630,580,510,490,500,590,710,910,1120,1280,1440,1870,1950,2380,2730,3140,3620,3740,3290,3180,3330,3920,4580,4490,5370
Monaco,MCO,"GNI per capita, Atlas method (current US$)",NY.GNP.PCAP.CD,..,..,..,..,..,..,..,..,..,..,..,..,..,..,..,..,..,..,..,..,..,..,..,..,..
Mongolia,MNG,"GNI per capita, Atlas method (current US$)",NY.GNP.PCAP.CD,570,510,470,460,470,520,600,750,880,1110,1400,1800,1790,2010,2610,3690,4390,4270,3850,3520,3250,3700,3840,3720,3730
Montenegro,MNE,"GNI per capita, Atlas method (current US$)",NY.GNP.PCAP.CD,..,..,..,..,..,1970,2440,3100,3660,4320,5120,6470,6740,6920,7260,7000,7330,7320,7260,7090,7410,8450,9140,7900,9340
Morocco,MAR,"GNI per capita, Atlas method (current US$)",NY.GNP.PCAP.CD,1480,1480,1430,1400,1410,1380,1550,1840,2070,2240,2380,2690,2880,2930,3000,2970,3090,3470,3360,3140,3160,3380,3500,3250,3620
Mozambique,MOZ,"GNI per capita, Atlas method (current US$)",NY.GNP.PCAP.CD,250,280,320,320,320,290,320,370,400,430,460,510,550,530,550,610,680,690,650,540,470,460,490,470,480
Myanmar,MMR,"GNI per capita, Atlas method (current US$)",NY.GNP.PCAP.CD,130,120,120,130,140,140,150,180,200,230,280,350,470,630,820,1010,1190,1240,1200,1230,1210,1250,1300,1370,1170
Namibia,NAM,"GNI per capita, Atlas method (current US$)",NY.GNP.PCAP.CD,2510,2370,2220,2210,2060,1970,2240,2850,3490,4000,4220,4330,4280,4540,5190,5800,6020,5870,5380,4810,4700,5000,5270,4650,4650
Nauru,NRU,"GNI per capita, Atlas method (current US$)",NY.GNP.PCAP.CD,..,..,..,..,..,..,..,..,..,..,..,..,..,..,..,8610,12410,14030,12690,11650,11150,12980,14400,15240,16920
Nepal,NPL,"GNI per capita, Atlas method (current US$)",NY.GNP.PCAP.CD,210,200,210,220,230,230,250,280,300,330,370,430,480,540,630,760,840,860,870,860,970,1110,1220,1180,1220
Netherlands,NLD,"GNI per capita, Atlas method (current US$)",NY.GNP.PCAP.CD,29400,27830,28150,28160,26840,26390,30290,36630,41960,45270,48620,51670,52310,53430,53650,51500,51900,51600,49300,46480,46270,50540,51930,50170,55200
New Caledonia,NCL,"GNI per capita, Atlas method (current US$)",NY.GNP.PCAP.CD,17810,14520,13650,13210,..,..,..,..,..,..,..,..,..,..,..,..,..,..,..,..,..,..,..,..,..
New Zealand,NZL,"GNI per capita, Atlas method (current US$)",NY.GNP.PCAP.CD,17160,15790,15040,14080,13810,14170,16960,21500,25440,26400,28150,28630,29690,29680,32230,36700,39930,41680,40660,39440,38870,41650,43050,41480,45230
Nicaragua,NIC,"GNI per capita, Atlas method (current US$)",NY.GNP.PCAP.CD,870,870,910,950,960,960,990,1080,1160,1200,1280,1390,1380,1460,1560,1660,1730,1810,1870,1930,2000,1940,1860,1740,1950
Niger,NER,"GNI per capita, Atlas method (current US$)",NY.GNP.PCAP.CD,230,240,230,220,220,220,240,280,330,350,380,440,470,510,520,540,570,580,550,520,510,570,590,550,590
Nigeria,NGA,"GNI per capita, Atlas method (current US$)",NY.GNP.PCAP.CD,440,440,450,460,530,630,700,860,1020,1330,1600,1950,2030,2130,2180,2450,2700,2970,2850,2440,2070,1980,2050,2020,2080
North America,NAC,"GNI per capita, Atlas method (current US$)",NY.GNP.PCAP.CD,30144.2021,30884.00579,32484.16664,34671.60903,35375.95099,35964.23465,38358.62674,42144.24856,45020.41646,46865.91501,47829.35984,48698.57791,47420.15414,48694.27735,50293.24251,52633.04277,53881.18871,55444.96584,55719.48504,55812.99154,57582.40132,61593.92413,64128.67147,62488.01703,68598.52111
North Macedonia,MKD,"GNI per capita, Atlas method (current US$)",NY.GNP.PCAP.CD,2220,2010,1910,1920,1820,1850,2110,2590,3020,3350,3620,4370,4650,4740,4840,4770,5030,5220,5130,5000,4940,5500,5890,5730,6190
Northern Mariana Islands,MNP,"GNI per capita, Atlas method (current US$)",NY.GNP.PCAP.CD,..,..,..,..,..,..,..,..,..,..,..,..,..,..,..,..,..,..,..,..,..,..,..,..,..
Norway,NOR,"GNI per capita, Atlas method (current US$)",NY.GNP.PCAP.CD,37910,36100,35540,36540,38220,39890,44750,54140,63830,70020,78470,87470,87830,88490,90330,99110,104190,104370,92910,81370,75650,80320,81670,77880,83880
Not classified,INX,"GNI per capita, Atlas method (current US$)",NY.GNP.PCAP.CD,..,..,..,..,..,..,..,..,..,..,..,..,..,..,..,..,..,..,..,..,..,..,..,..,..
OECD members,OED,"GNI per capita, Atlas method (current US$)",NY.GNP.PCAP.CD,22735.57956,21911.11803,22184.96209,23151.8056,23115.63005,22973.354,24696.04998,28150.00475,30980.85578,32471.29105,33711.44657,35153.63303,34538.21186,35496.1309,36616.62775,37749.04832,38388.96647,38486.27607,37349.11169,36478.12962,36656.9106,39078.06969,40340.50644,38769.1388,42359.97824
Oman,OMN,"GNI per capita, Atlas method (current US$)",NY.GNP.PCAP.CD,6820,6450,6210,6840,7600,7770,8140,9320,10670,12760,14840,18090,18920,19540,18870,22030,23030,22020,20520,18520,16570,17230,17810,17110,17950
Other small states,OSS,"GNI per capita, Atlas method (current US$)",NY.GNP.PCAP.CD,..,..,..,..,..,4107.271822,4601.874783,5583.781171,6714.331575,8123.808596,9540.393404,10902.34741,10746.02947,11296.73945,12291.02982,13579.20042,14620.07074,14774.92474,13724.90511,12584.97325,11906.19899,12651.05203,13290.58052,12225.27387,12741.34361
Pacific island small states,PSS,"GNI per capita, Atlas method (current US$)",NY.GNP.PCAP.CD,2074.823185,1921.616759,1918.944995,1821.099339,1754.58601,1715.558561,1848.960497,2174.03536,2502.445279,2572.695354,2715.047677,2895.664288,2884.694039,2893.040704,3030.652458,3250.871284,3614.630085,3753.468701,3797.599481,3837.649408,3898.349308,4214.895633,4314.416342,3876.439042,3768.69922
Pakistan,PAK,"GNI per capita, Atlas method (current US$)",NY.GNP.PCAP.CD,440,410,410,450,470,490,520,600,680,740,790,850,880,890,950,1040,1120,1160,1190,1300,1440,1610,1570,1420,1470
Palau,PLW,"GNI per capita, Atlas method (current US$)",NY.GNP.PCAP.CD,..,..,..,..,..,9100,8770,9400,10320,10790,11650,11550,10780,11040,11940,12540,12720,14020,15750,16620,16430,17410,17150,14640,12790
Panama,PAN,"GNI per capita, Atlas method (current US$)",NY.GNP.PCAP.CD,3640,3710,3790,3920,3860,3970,4070,4500,4820,5130,5810,6580,6940,7290,8590,9580,10670,11220,12240,12810,13770,14540,15010,12470,13920
Papua New Guinea,PNG,"GNI per capita, Atlas method (current US$)",NY.GNP.PCAP.CD,930,780,680,600,530,490,480,540,650,790,1050,1370,1470,1670,1740,2160,2360,2810,2670,2520,2390,2400,2510,2470,2460
Paraguay,PRY,"GNI per capita, Atlas method (current US$)",NY.GNP.PCAP.CD,1910,1790,1660,1500,1470,1390,1290,1430,1620,1970,2490,3300,3720,4390,4820,5160,5960,6280,6100,5870,5810,6050,5950,5550,5740
Peru,PER,"GNI per capita, Atlas method (current US$)",NY.GNP.PCAP.CD,2270,2140,2020,1960,1880,1940,2060,2260,2520,2780,3180,3760,3940,4380,4930,5740,6360,6470,6290,6070,6030,6430,6770,6000,6460
Philippines,PHL,"GNI per capita, Atlas method (current US$)",NY.GNP.PCAP.CD,1400,1320,1250,1180,1170,1130,1170,1290,1380,1490,1710,2000,2160,2360,2500,2840,3140,3300,3350,3410,3480,3640,3770,3350,3550
Poland,POL,"GNI per capita, Atlas method (current US$)",NY.GNP.PCAP.CD,4240,4360,4440,4670,4710,4900,5500,6260,7330,8420,9930,11940,12490,12670,12820,13090,13230,13470,13250,12660,12690,14180,15330,15300,16850
Portugal,PRT,"GNI per capita, Atlas method (current US$)",NY.GNP.PCAP.CD,12370,12190,12260,12180,11850,11780,13290,16190,18600,19410,20860,22640,22990,23030,22770,21170,21380,21200,20460,19940,20060,22060,23200,21850,23890
Post-demographic dividend,PST,"GNI per capita, Atlas method (current US$)",NY.GNP.PCAP.CD,25728.24819,24746.22252,25070.38447,26132.53888,26143.02448,25990.34713,28017.18103,31998.65414,35229.52632,36882.1825,38225.98592,39816.12146,39209.02528,40354.19692,41681.87725,42949.77176,43698.1187,43832.40959,42595.4151,41796.44828,42197.86525,45144.19173,46734.82446,45041.72292,49294.4441
Pre-demographic dividend,PRE,"GNI per capita, Atlas method (current US$)",NY.GNP.PCAP.CD,370.8809564,378.8148725,396.6967989,413.2279842,433.3204065,453.8479991,470.3918599,580.7227837,671.2793188,812.1648056,965.9058907,1178.440924,1253.061605,1318.621823,1374.120536,1539.315608,1674.846379,1773.467436,1660.727572,1496.284321,1367.464241,1352.768721,1411.326823,1335.632483,1374.777843
Puerto Rico,PRI,"GNI per capita, Atlas method (current US$)",NY.GNP.PCAP.CD,8510,8690,9590,10550,10950,11250,12170,14260,14750,15030,15860,16360,16580,16920,17670,18680,19170,19280,19420,19710,20000,21010,22040,21240,22580
Qatar,QAT,"GNI per capita, Atlas method (current US$)",NY.GNP.PCAP.CD,..,..,..,..,..,25520,27950,35010,39010,51190,57400,65230,62950,68920,75540,83990,91130,89830,78040,66030,57190,59150,61720,58370,62310
Romania,ROU,"GNI per capita, Atlas method (current US$)",NY.GNP.PCAP.CD,1590,1580,1610,1710,1760,1950,2250,2960,3880,4900,6390,8800,9220,8710,9010,9200,9390,9760,9610,9460,10030,11520,12670,12700,14160
Russian Federation,RUS,"GNI per capita, Atlas method (current US$)",NY.GNP.PCAP.CD,2650,2130,1750,1710,1780,2100,2590,3410,4450,5810,7560,9580,9230,9980,11060,13490,15190,14630,11780,9730,9210,10250,11280,10740,11610
Rwanda,RWA,"GNI per capita, Atlas method (current US$)",NY.GNP.PCAP.CD,220,230,260,270,270,260,250,270,310,350,400,480,540,590,630,690,710,720,730,730,720,770,810,760,840
Samoa,WSM,"GNI per capita, Atlas method (current US$)",NY.GNP.PCAP.CD,..,..,..,..,..,1410,1550,1830,2220,2450,2640,2950,3140,3400,3540,3560,3720,3790,3930,4080,4050,4060,4230,4000,3810
San Marino,SMR,"GNI per capita, Atlas method (current US$)",NY.GNP.PCAP.CD,..,..,..,..,..,..,..,..,..,..,..,..,..,..,..,..,..,..,..,..,39740,42250,44390,41450,..
Sao Tome and Principe,STP,"GNI per capita, Atlas method (current US$)",NY.GNP.PCAP.CD,..,..,..,..,..,..,600,690,800,910,940,990,1040,1120,1170,1220,1420,1620,1640,1680,1690,1860,1960,2100,2260
Saudi Arabia,SAU,"GNI per capita, Atlas method (current US$)",NY.GNP.PCAP.CD,8010,7740,7350,7810,8180,8070,9200,10800,12350,13670,15080,17420,16730,17480,19580,22740,24280,24590,22970,20980,19350,21040,22210,21540,..
Senegal,SEN,"GNI per capita, Atlas method (current US$)",NY.GNP.PCAP.CD,710,700,690,670,660,630,730,880,1000,1040,1110,1260,1340,1350,1320,1330,1360,1390,1330,1300,1300,1420,1460,1460,1570
Serbia,SRB,"GNI per capita, Atlas method (current US$)",NY.GNP.PCAP.CD,2990,2990,2610,1610,1540,1520,2390,3250,3790,4130,4830,6030,6450,6220,6190,6080,6460,6240,5960,5700,5570,6410,7040,7440,8460
Seychelles,SYC,"GNI per capita, Atlas method (current US$)",NY.GNP.PCAP.CD,7330,7320,7290,7290,7310,6850,7490,9280,11140,12580,12280,11180,10230,10190,11060,11480,12560,13310,14150,14220,14660,15710,16400,14040,14540
Sierra Leone,SLE,"GNI per capita, Atlas method (current US$)",NY.GNP.PCAP.CD,190,170,150,140,150,200,260,270,290,300,370,420,440,420,420,530,650,680,540,480,500,470,520,490,500
Singapore,SGP,"GNI per capita, Atlas method (current US$)",NY.GNP.PCAP.CD,27730,24010,23360,23680,22130,22000,23440,26170,28830,32550,36010,37230,37320,44930,48250,51710,54460,56380,53160,53250,54590,56670,58060,55010,64010
Sint Maarten (Dutch part),SXM,"GNI per capita, Atlas method (current US$)",NY.GNP.PCAP.CD,..,..,..,..,..,..,..,..,..,..,..,..,..,..,..,..,27540,28670,29560,30890,28210,27510,..,..,..
Slovak Republic,SVK,"GNI per capita, Atlas method (current US$)",NY.GNP.PCAP.CD,5420,5430,5380,5540,5730,6040,6980,9060,11370,12950,14940,17290,17150,17620,17590,17830,18270,18340,17760,16840,16670,18400,19200,19180,20640
Slovenia,SVN,"GNI per capita, Atlas method (current US$)",NY.GNP.PCAP.CD,11240,11000,11320,11270,10950,10920,12630,15610,18310,19820,21800,24660,24450,24620,24630,23260,23240,23620,22270,21790,22140,24650,26040,25400,28280
Small states,SST,"GNI per capita, Atlas method (current US$)",NY.GNP.PCAP.CD,..,..,..,..,..,4185.626388,4647.916644,5510.05347,6465.437554,7646.856939,8841.936095,10042.68399,9866.987251,10305.61312,11030.9373,12183.51249,13084.22528,13246.3391,12460.94453,11501.98421,10992.88095,11622.96473,12187.68377,11139.8385,11665.10962
Solomon Islands,SLB,"GNI per capita, Atlas method (current US$)",NY.GNP.PCAP.CD,1250,1180,1110,940,890,800,880,990,1140,1180,1250,1360,1430,1580,1690,1840,2130,2160,2100,2110,2150,2320,2390,2340,2320
Somalia,SOM,"GNI per capita, Atlas method (current US$)",NY.GNP.PCAP.CD,..,..,..,..,..,..,..,..,..,..,..,..,..,..,..,..,..,..,400,400,380,390,410,410,430
South Africa,ZAF,"GNI per capita, Atlas method (current US$)",NY.GNP.PCAP.CD,3790,3420,3330,3280,3080,2890,3180,4070,5480,6180,6510,6560,6420,6810,7700,8320,8050,7340,6550,5960,5950,6390,6730,6090,6530
South Asia,SAS,"GNI per capita, Atlas method (current US$)",NY.GNP.PCAP.CD,410.1714197,411.2499528,431.1436779,440.0436742,449.1096094,455.2951018,506.6892909,591.0050215,678.3567285,751.3531377,859.3598846,937.1583463,1039.829004,1132.603083,1260.513243,1371.729772,1417.8344,1460.978029,1505.728994,1594.291263,1737.636827,1928.166576,2012.088926,1856.252786,2076.156068
South Asia (IDA & IBRD),TSA,"GNI per capita, Atlas method (current US$)",NY.GNP.PCAP.CD,410.1714197,411.2499528,431.1436779,440.0436742,449.1096094,455.2951018,506.6892909,591.0050215,678.3567285,751.3531377,859.3598846,937.1583463,1039.829004,1132.603083,1260.513243,1371.729772,1417.8344,1460.978029,1505.728994,1594.291263,1737.636827,1928.166576,2012.088926,1856.252786,2076.156068
South Sudan,SSD,"GNI per capita, Atlas method (current US$)",NY.GNP.PCAP.CD,..,..,..,..,..,..,..,..,..,..,..,..,..,..,770,800,1090,1170,1040,..,..,..,..,..,..
Spain,ESP,"GNI per capita, Atlas method (current US$)",NY.GNP.PCAP.CD,15820,15440,15480,15790,15540,15630,18080,22130,25910,27850,29770,32250,32560,31970,31020,29540,29230,29160,28460,27570,27120,29330,30360,27130,29690
Sri Lanka,LKA,"GNI per capita, Atlas method (current US$)",NY.GNP.PCAP.CD,800,820,840,870,830,840,940,1060,1210,1360,1550,1790,2010,2430,2910,3460,3630,3810,3920,4020,4230,4360,4220,3930,4030
St. Kitts and Nevis,KNA,"GNI per capita, Atlas method (current US$)",NY.GNP.PCAP.CD,7930,7650,8060,8850,9160,9150,9140,10330,11670,12560,13260,15860,15710,15790,16520,16800,18220,18420,18370,19320,20020,21530,23340,19420,18820
St. Lucia,LCA,"GNI per capita, Atlas method (current US$)",NY.GNP.PCAP.CD,4620,4810,5050,5460,5250,5280,5650,6300,6550,7210,7510,8160,8140,8320,9000,9040,8960,8990,8890,9610,10210,10980,11040,8590,9520
St. Martin (French part),MAF,"GNI per capita, Atlas method (current US$)",NY.GNP.PCAP.CD,..,..,..,..,..,..,..,..,..,..,..,..,..,..,..,..,..,..,..,..,..,..,..,..,..
St. Vincent and the Grenadines,VCT,"GNI per capita, Atlas method (current US$)",NY.GNP.PCAP.CD,2900,3010,3130,3380,3650,4010,4430,4810,5080,5610,6070,6420,6570,6350,6430,6760,7030,6910,7160,7540,7760,8370,8580,8260,8720
Sub-Saharan Africa,SSF,"GNI per capita, Atlas method (current US$)",NY.GNP.PCAP.CD,626.0516128,590.9198818,580.0374186,573.190533,566.4387716,575.4216012,630.0846312,766.863794,940.1880369,1091.168621,1224.014236,1373.244972,1414.420759,1482.992486,1577.574984,1712.417794,1796.542768,1855.346053,1747.843085,1588.026379,1505.549001,1520.903338,1569.233333,1496.422704,1562.492399
Sub-Saharan Africa (excluding high income),SSA,"GNI per capita, Atlas method (current US$)",NY.GNP.PCAP.CD,625.2125124,590.0829612,579.207566,572.3746628,565.6398903,574.6760301,629.2995582,765.9191157,939.0813549,1089.930264,1222.85005,1372.219099,1413.521698,1482.103807,1576.658911,1711.490553,1795.529333,1854.280461,1746.694127,1586.871202,1504.362607,1519.644754,1567.939916,1495.349241,1561.401255
Sub-Saharan Africa (IDA & IBRD countries),TSS,"GNI per capita, Atlas method (current US$)",NY.GNP.PCAP.CD,626.0516128,590.9198818,580.0374186,573.190533,566.4387716,575.4216012,630.0846312,766.863794,940.1880369,1091.168621,1224.014236,1373.244972,1414.420759,1482.992486,1577.574984,1712.417794,1796.542768,1855.346053,1747.843085,1588.026379,1505.549001,1520.903338,1569.233333,1496.422704,1562.492399
Sudan,SDN,"GNI per capita, Atlas method (current US$)",NY.GNP.PCAP.CD,410,360,350,350,390,440,540,640,790,960,1200,1410,1430,1430,1640,1700,1720,1880,1950,2190,2430,1390,940,630,650
Suriname,SUR,"GNI per capita, Atlas method (current US$)",NY.GNP.PCAP.CD,1840,2050,1930,1940,1630,1870,2130,2730,3210,3910,4890,6130,6740,7380,7680,8290,8690,8990,8640,6740,5770,5790,6020,4500,4410
Sweden,SWE,"GNI per capita, Atlas method (current US$)",NY.GNP.PCAP.CD,31390,31110,31300,31610,29720,29090,32750,39790,45770,49150,52310,55720,52640,54630,56700,59090,61800,61870,58420,54360,53030,55690,56420,54740,59540
Switzerland,CHE,"GNI per capita, Atlas method (current US$)",NY.GNP.PCAP.CD,49340,46190,44280,44670,42110,40750,46780,55210,63090,65590,64490,65260,72450,79850,82280,87720,91710,89450,88010,84430,81870,83270,84250,82740,90600
Syrian Arab Republic,SYR,"GNI per capita, Atlas method (current US$)",NY.GNP.PCAP.CD,..,..,..,4100,4390,4660,5090,5750,6330,7000,7670,8630,9660,10330,5440,2650,1280,1080,910,760,730,810,970,760,..
Tajikistan,TJK,"GNI per capita, Atlas method (current US$)",NY.GNP.PCAP.CD,160,170,180,170,160,170,210,260,370,460,570,740,790,910,1010,1140,1310,1340,1250,1110,1020,1020,1070,1050,1150
Tanzania,TZA,"GNI per capita, Atlas method (current US$)",NY.GNP.PCAP.CD,210,260,320,390,390,410,420,460,490,510,520,590,650,710,750,800,880,960,960,950,940,1000,1070,1050,1100
Thailand,THA,"GNI per capita, Atlas method (current US$)",NY.GNP.PCAP.CD,2670,2080,1980,1980,1960,1980,2170,2520,2780,3080,3490,3920,4080,4510,4860,5420,5610,5640,5580,5570,5820,6450,7080,6900,7090
Timor-Leste,TLS,"GNI per capita, Atlas method (current US$)",NY.GNP.PCAP.CD,..,..,..,..,..,770,680,800,950,1340,1870,3010,2350,2870,3730,3560,3190,2690,2180,1740,1800,1820,2110,2100,1140
Togo,TGO,"GNI per capita, Atlas method (current US$)",NY.GNP.PCAP.CD,340,320,310,300,290,300,340,380,390,400,410,460,520,550,600,580,610,630,630,660,710,860,900,900,960
Tonga,TON,"GNI per capita, Atlas method (current US$)",NY.GNP.PCAP.CD,2240,2140,2070,1990,1930,1910,1900,2060,2300,2600,2790,3160,3080,3270,3660,4130,4320,4350,4210,4220,4440,4710,5130,5200,4930
Trinidad and Tobago,TTO,"GNI per capita, Atlas method (current US$)",NY.GNP.PCAP.CD,4300,4410,4650,5140,5770,6420,7650,9190,10590,12560,14170,16370,15270,15500,14090,16750,18760,19110,19020,16510,15560,15260,15620,13830,15000
Tunisia,TUN,"GNI per capita, Atlas method (current US$)",NY.GNP.PCAP.CD,2080,2110,2220,2230,2200,2130,2390,2820,3080,3240,3450,3770,3970,4090,4010,4190,4240,4250,4070,3870,3650,3650,3540,3230,3540
Turkiye,TUR,"GNI per capita, Atlas method (current US$)",NY.GNP.PCAP.CD,3140,3390,3540,4260,3530,3540,3900,5210,6750,7790,8840,9730,9520,10370,11200,11860,12500,12480,11860,11090,10840,10450,9670,9070,9900
Turkmenistan,TKM,"GNI per capita, Atlas method (current US$)",NY.GNP.PCAP.CD,550,560,610,590,640,730,960,1270,1550,1830,2250,2940,3430,3930,4560,5370,6280,6950,6790,6590,6160,6500,6970,..,..
Turks and Caicos Islands,TCA,"GNI per capita, Atlas method (current US$)",NY.GNP.PCAP.CD,..,..,..,..,..,..,..,..,..,..,..,..,..,..,..,..,..,23530,25140,26100,24400,25730,26710,19610,21410
Tuvalu,TUV,"GNI per capita, Atlas method (current US$)",NY.GNP.PCAP.CD,..,..,..,..,2700,3430,2620,3390,3760,3930,4690,4800,4900,4510,4760,4480,5650,4790,5690,5490,5320,6160,6640,6750,7200
Uganda,UGA,"GNI per capita, Atlas method (current US$)",NY.GNP.PCAP.CD,290,290,280,270,240,250,250,280,310,350,380,430,550,680,860,830,810,830,850,820,760,740,750,740,760
Ukraine,UKR,"GNI per capita, Atlas method (current US$)",NY.GNP.PCAP.CD,890,850,760,680,720,790,980,1270,1540,1950,2590,3210,2840,3030,3150,3650,3950,3560,2800,2360,2360,2750,3310,3570,4120
United Arab Emirates,ARE,"GNI per capita, Atlas method (current US$)",NY.GNP.PCAP.CD,..,..,..,30050,30570,29620,31910,36840,40190,42600,41580,40490,34670,33670,36540,41810,45850,47420,46270,44460,42090,44350,46210,41770,..
United Kingdom,GBR,"GNI per capita, Atlas method (current US$)",NY.GNP.PCAP.CD,25460,26900,28110,29390,29010,29140,32250,37810,42700,44800,47360,48430,44170,41900,41180,41810,42800,44590,44480,43150,41740,42180,43380,38590,44480
United States,USA,"GNI per capita, Atlas method (current US$)",NY.GNP.PCAP.CD,31270,32030,33680,35960,36700,37310,39750,43510,46180,47830,48500,49100,47870,49150,50620,52790,53990,55800,56620,57140,59220,63460,66130,64650,70930
Upper middle income,UMC,"GNI per capita, Atlas method (current US$)",NY.GNP.PCAP.CD,1896.715549,1861.99463,1820.649331,1897.355757,1896.205551,1927.557996,2093.822066,2445.814055,2875.271877,3380.858096,4040.241016,4811.810002,5175.622518,5849.327895,6584.957677,7561.514809,8302.61186,8640.25565,8432.216175,8229.458903,8411.935805,9079.368832,9623.767941,9386.553474,10358.1133
Uruguay,URY,"GNI per capita, Atlas method (current US$)",NY.GNP.PCAP.CD,7030,7310,7320,7120,6550,5170,4260,4140,4730,5400,6390,7720,8820,10460,12090,13360,15360,15830,15670,15490,15990,17390,17940,15950,16080
Uzbekistan,UZB,"GNI per capita, Atlas method (current US$)",NY.GNP.PCAP.CD,610,620,650,630,560,450,420,460,530,610,770,980,1150,1410,1730,2160,2430,2600,2740,2790,2470,2110,1870,1740,1960
Vanuatu,VUT,"GNI per capita, Atlas method (current US$)",NY.GNP.PCAP.CD,1360,1410,1390,1370,1320,1180,1310,1530,1710,1920,2020,2360,2430,2510,2710,2750,2930,2930,2770,2780,2860,3120,3400,3180,3240
"Venezuela, RB",VEN,"GNI per capita, Atlas method (current US$)",NY.GNP.PCAP.CD,3440,3390,3540,4080,4560,3950,3460,4070,4930,6070,7550,9300,10270,11690,11890,12660,11950,13010,..,..,..,..,..,..,..
Vietnam,VNM,"GNI per capita, Atlas method (current US$)",NY.GNP.PCAP.CD,340,350,360,380,400,420,470,540,640,730,840,990,1120,1370,1630,1980,2200,2400,2480,2580,2720,3060,3340,3450,3590
Virgin Islands (U.S.),VIR,"GNI per capita, Atlas method (current US$)",NY.GNP.PCAP.CD,..,..,..,..,..,..,..,..,..,..,..,..,..,..,..,..,..,..,..,..,..,..,..,..,..
West Bank and Gaza,PSE,"GNI per capita, Atlas method (current US$)",NY.GNP.PCAP.CD,1630,1780,1800,1550,1370,1190,1370,1640,1780,1710,1790,2040,2250,2510,2880,3210,3470,3560,3670,3900,3930,4190,4270,3700,4220
World,WLD,"GNI per capita, Atlas method (current US$)",NY.GNP.PCAP.CD,5549.476879,5310.322541,5313.194448,5494.779689,5470.206561,5424.922271,5819.231379,6631.735596,7344.569473,7830.134428,8343.533377,8941.999894,8977.683826,9413.132433,9880.752289,10461.93053,10829.39724,10944.24977,10585.08589,10329.90359,10408.15229,11095.29029,11497.87684,11039.55289,12025.53866
"Yemen, Rep.",YEM,"GNI per capita, Atlas method (current US$)",NY.GNP.PCAP.CD,310,350,360,400,450,490,510,580,660,760,840,950,1030,1130,1010,1180,1340,1360,1110,1070,1000,840,..,..,..
Zambia,ZMB,"GNI per capita, Atlas method (current US$)",NY.GNP.PCAP.CD,420,370,370,350,360,380,420,480,580,730,910,1180,1270,1330,1390,1660,1720,1760,1540,1340,1270,1400,1390,1130,1030
Zimbabwe,ZWE,"GNI per capita, Atlas method (current US$)",NY.GNP.PCAP.CD,520,410,400,360,390,370,340,320,330,290,250,130,440,650,950,1120,1200,1210,1220,1200,1170,1550,1450,1460,1530